,DISTRICT NAME,GDP (in Rs. Cr.)|2004-05,GDP (in Rs. Cr.)|2005-06,GDP (in Rs. Cr.)|2006-07,GDP (in Rs. Cr.)|2007-08,GDP (in Rs. Cr.)|2008-09,GDP (in Rs. Cr.)|2009-10,GDP (in Rs. Cr.)|2010-11,GDP (in Rs. Cr.)|2011-12,GDP (in Rs. Cr.)|2012-13,Growth Rate % (YoY)|2005-06,Growth Rate % (YoY)|2006-07,Growth Rate % (YoY)|2007-08,Growth Rate % (YoY)|2008-09,Growth Rate % (YoY)|2009-10,Growth Rate % (YoY)|2010-11,Growth Rate % (YoY)|2011-12,Growth Rate % (YoY)|2012-13,STATE NAME
2,AHMEDNAGAR,NA,14105,17134,20284,23708,24053,32392,35430,38710,NA,21.47,18.38,16.88,1.46,34.67,9.38,9.26,MAHARASHTRA
3,AKOLA,NA,4589,5744,6878,8520,9717,11618,12693,15133,NA,25.17,19.74,23.87,14.05,19.56,9.25,19.22,MAHARASHTRA
4,AMRAVATI,NA,7119,8081,10074,12616,15725,18471,19730,23770,NA,13.51,24.66,25.23,24.64,17.46,6.82,20.48,MAHARASHTRA
5,AURANGABAD,NA,11303,13174,15959,22468,26610,31380,33704,36367,NA,16.55,21.14,40.79,18.44,17.93,7.41,7.9,MAHARASHTRA
6,BEED,NA,5708,6743,8175,9079,10124,13175,13939,14689,NA,18.13,21.24,11.06,11.51,30.14,5.8,5.38,MAHARASHTRA
7,BHANDARA,NA,3784,4301,5322,6541,6392,7319,8300,9503,NA,13.66,23.74,22.9,-2.28,14.5,13.4,14.49,MAHARASHTRA
8,BULDHANA,NA,4851,5779,7378,9315,10093,12813,13965,15958,NA,19.13,27.67,26.25,8.35,26.95,8.99,14.27,MAHARASHTRA
9,CHANDRAPUR,NA,8424,8936,10519,12451,14676,17071,19970,23102,NA,6.08,17.71,18.37,17.87,16.32,16.98,15.68,MAHARASHTRA
10,DHULE,NA,4578,5413,6584,7925,9856,12437,13872,15624,NA,18.24,21.63,20.37,24.37,26.19,11.54,12.63,MAHARASHTRA
11,GADCHIROLI,NA,1991,2694,2773,3682,3972,4683,5989,6796,NA,35.31,2.93,32.78,7.88,17.9,27.89,13.47,MAHARASHTRA
12,GONDIA,NA,3479,4003,4894,6044,5871,6722,7725,8973,NA,15.06,22.26,23.5,-2.86,14.49,14.92,16.16,MAHARASHTRA
13,HINGOLI,NA,2266,2672,3514,3754,3987,4900,5271,6402,NA,17.92,31.51,6.83,6.21,22.9,7.57,21.46,MAHARASHTRA
14,JALGAON,NA,12642,14733,17201,22559,26999,31281,32574,35149,NA,16.54,16.75,31.15,19.68,15.86,4.13,7.91,MAHARASHTRA
15,JALNA,NA,3804,4566,5557,7215,8233,10476,15039,11752,NA,20.03,21.7,29.84,14.11,27.24,43.56,-21.86,MAHARASHTRA
16,KOLHAPUR,NA,16148,18674,21971,25823,29563,36645,40887,45576,NA,15.64,17.66,17.53,14.48,23.96,11.58,11.47,MAHARASHTRA
17,LATUR,NA,5066,5567,7390,8252,10607,12400,14625,17787,NA,9.89,32.75,11.66,28.54,16.9,17.94,21.62,MAHARASHTRA
18,MUMBAI,NA,92919,108884,130277,176334,191555,221647,252845,290661,NA,17.18,19.65,35.35,8.63,15.71,14.08,14.96,MAHARASHTRA
19,NAGPUR,NA,20423,23115,28183,36990,43791,47384,54586,62291,NA,13.18,21.93,31.25,18.39,8.2,15.2,14.12,MAHARASHTRA
20,NANDED,NA,6334,7378,8963,11168,12552,16615,17931,21257,NA,16.48,21.48,24.6,12.39,32.37,7.92,18.55,MAHARASHTRA
21,NANDURBAR,NA,3953,4418,5136,4912,5157,6199,8146,8055,NA,11.76,16.25,-4.36,4.99,20.21,31.41,-1.12,MAHARASHTRA
22,NASHIK,NA,25273,28907,32893,40278,43063,48529,53846,64041,NA,14.38,13.79,22.45,6.91,12.69,10.96,18.93,MAHARASHTRA
23,OSMANABAD,NA,3564,4247,5329,5773,6665,9046,10414,10320,NA,19.16,25.48,8.33,15.45,35.72,15.12,-0.9,MAHARASHTRA
24,PARBHANI,NA,3805,4614,5932,7355,7842,9786,10374,12353,NA,21.26,28.57,23.99,6.62,24.79,6.01,19.08,MAHARASHTRA
25,PUNE,NA,48995,56756,67952,88421,100786,117507,133432,149502,NA,15.84,19.73,30.12,13.98,16.59,13.55,12.04,MAHARASHTRA
26,RAIGAD,NA,11971,13823,16399,21417,22950,29517,34383,38684,NA,15.47,18.64,30.6,7.16,28.61,16.49,12.51,MAHARASHTRA
27,RATNAGIRI,NA,6045,6798,8292,9583,11771,13918,15807,16945,NA,12.46,21.98,15.57,22.83,18.24,13.57,7.2,MAHARASHTRA
28,SANGLI,NA,9616,11013,13005,15434,17292,22801,25860,28499,NA,14.53,18.09,18.68,12.04,31.86,13.42,10.2,MAHARASHTRA
29,SATARA,NA,11128,12645,14845,17153,19551,23188,25790,28341,NA,13.63,17.4,15.55,13.98,18.6,11.22,9.89,MAHARASHTRA
30,SINDHUDURG,NA,2998,3439,4252,5517,6010,7161,9537,10453,NA,14.71,23.64,29.75,8.94,19.15,33.18,9.6,MAHARASHTRA
31,SOLAPUR,NA,14180,16787,19318,21380,25964,30335,34733,37076,NA,18.39,15.08,10.67,21.44,16.83,14.5,6.75,MAHARASHTRA
32,THANE,NA,54052,63044,76164,98487,112189,136818,158611,179478,NA,16.64,20.81,29.31,13.91,21.95,15.93,13.16,MAHARASHTRA
33,WAHIM,NA,2108,2551,3327,3391,4548,6245,8741,9179,NA,21.02,30.42,1.92,34.12,37.31,39.97,5.01,MAHARASHTRA
34,WARDHA,NA,4078,4600,5798,7329,7582,9059,10257,11844,NA,12.8,26.04,26.41,3.45,19.48,13.22,15.47,MAHARASHTRA
35,YAVATMAL,NA,6759,7603,9574,12071,12121,15547,16414,19500,NA,12.49,25.92,26.08,0.41,28.26,5.58,18.8,MAHARASHTRA
2,ARARIA,"1,369.80","1,516.18","1,710.97","2,006.84","2,452.29","2,800.11","3,659.88",NA,NA,10.69,12.85,17.29,22.2,14.18,30.7,NA,NA,BIHAR
3,ARWAL,334.21,385.42,460.96,520.75,630.28,703.67,849.5,NA,NA,15.32,19.6,12.97,21.03,11.64,20.72,NA,NA,BIHAR
4,AURANGABAD,"1,346.64","1,427.13","1,869.33","2,136.41","2,469.87","2,814.14","3,487.27",NA,NA,5.98,30.99,14.29,15.61,13.94,23.92,NA,NA,BIHAR
5,BANKA,"1,042.12","1,087.17","1,349.83","1,500.11","1,847.26","2,085.59","2,248.51",NA,NA,4.32,24.16,11.13,23.14,12.9,7.81,NA,NA,BIHAR
6,BEGUSARAI,"2,826.24","2,796.49","3,285.05","3,956.50","5,304.32","5,467.83","7,845.18",NA,NA,-1.05,17.47,20.44,34.07,3.08,43.48,NA,NA,BIHAR
7,BHABHUA,905.22,"1,007.40","1,180.96","1,387.00","1,737.32","1,738.17","2,358.97",NA,NA,11.29,17.23,17.45,25.26,0.05,35.72,NA,NA,BIHAR
8,BHAGALPUR,"2,586.08","2,884.94","3,401.79","3,890.47","4,726.28","5,527.85","6,756.27",NA,NA,11.56,17.92,14.37,21.48,16.96,22.22,NA,NA,BIHAR
9,BHOJPUR,"1,619.35","1,883.07","2,311.43","2,647.77","3,400.49","3,677.47","4,571.55",NA,NA,16.29,22.75,14.55,28.43,8.15,24.31,NA,NA,BIHAR
10,BUXAR,956.84,"1,160.78","1,377.25","1,644.33","1,956.02","2,082.76","2,523.65",NA,NA,21.31,18.65,19.39,18.96,6.48,21.17,NA,NA,BIHAR
11,DARBHANGA,"2,375.23","2,560.18","3,009.48","3,414.82","4,224.72","4,891.51","6,541.08",NA,NA,7.79,17.55,13.47,23.72,15.78,33.72,NA,NA,BIHAR
12,EAST CHAMPARAN,"2,702.30","2,809.42","3,427.38","3,369.73","5,119.15","4,996.70","6,643.90",NA,NA,3.96,22,-1.68,51.92,-2.39,32.97,NA,NA,BIHAR
13,GAYA,"2,600.79","2,851.81","3,600.70","4,099.97","4,761.66","5,423.01","6,555.29",NA,NA,9.65,26.26,13.87,16.14,13.89,20.88,NA,NA,BIHAR
14,GOPALGANG,"1,486.46","1,637.26","1,982.96","2,241.20","2,627.20","3,099.64","4,235.91",NA,NA,10.14,21.11,13.02,17.22,17.98,36.66,NA,NA,BIHAR
15,JAMUI,"1,076.86","1,181.77","1,341.90","1,535.26","1,852.72","2,185.01","2,621.02",NA,NA,9.74,13.55,14.41,20.68,17.94,19.95,NA,NA,BIHAR
16,JEHANABAD,591.88,666.2,834.07,949.48,"1,222.68","1,284.94","1,531.88",NA,NA,12.56,25.2,13.84,28.77,5.09,19.22,NA,NA,BIHAR
17,KATIHAR,"2,012.32","2,060.26","2,428.66","2,697.95","3,298.82","3,890.24","4,772.09",NA,NA,2.38,17.88,11.09,22.27,17.93,22.67,NA,NA,BIHAR
18,KHAGARIA,906.99,980.7,"1,179.24","1,413.29","1,681.20","1,882.11","2,245.96",NA,NA,8.13,20.24,19.85,18.96,11.95,19.33,NA,NA,BIHAR
19,KISHANGANG,973.41,"1,036.98","1,228.99","1,305.31","1,608.06","1,783.08","2,249.57",NA,NA,6.53,18.52,6.21,23.19,10.88,26.16,NA,NA,BIHAR
20,LAKHISARAI,609.01,678.34,875.98,"1,004.88","1,179.09","1,366.91","1,590.07",NA,NA,11.38,29.14,14.71,17.34,15.93,16.33,NA,NA,BIHAR
21,MADHEPURA,"1,062.60","1,107.15","1,298.71","1,467.61","1,561.43","1,884.04","2,438.85",NA,NA,4.19,17.3,13.01,6.39,20.66,29.45,NA,NA,BIHAR
22,MADHUBANI,"2,660.89","2,293.76","2,947.01","2,980.44","4,062.52","4,355.79","7,311.13",NA,NA,-13.8,28.48,1.13,36.31,7.22,67.85,NA,NA,BIHAR
23,MUNGER,"1,406.39","1,551.17","1,841.41","2,316.02","2,727.50","3,240.59","3,942.42",NA,NA,10.29,18.71,25.77,17.77,18.81,21.66,NA,NA,BIHAR
24,MUZAFFARPUR,"3,500.30","3,650.63","4,367.05","4,868.43","6,366.15","7,189.02","9,217.88",NA,NA,4.29,19.62,11.48,30.76,12.93,28.22,NA,NA,BIHAR
25,NALANDA,"1,629.36","1,874.21","2,191.31","2,521.83","3,077.43","3,568.29","4,338.85",NA,NA,15.03,16.92,15.08,22.03,15.95,21.59,NA,NA,BIHAR
26,NAWADA,"1,049.52","1,161.58","1,467.38","1,677.78","2,046.72","2,241.67","2,641.54",NA,NA,10.68,26.33,14.34,21.99,9.53,17.84,NA,NA,BIHAR
27,PATNA,"18,625.77","19,070.21","23,584.94","28,035.34","34,670.38","42,724.62","51,071.47",NA,NA,2.39,23.67,18.87,23.67,23.23,19.54,NA,NA,BIHAR
28,PURNEA,"1,920.84","2,053.16","2,366.56","2,637.98","3,265.97","3,905.74","4,577.07",NA,NA,6.89,15.26,11.47,23.81,19.59,17.19,NA,NA,BIHAR
29,ROHTAS,"2,207.49","2,442.86","2,831.97","3,231.02","4,118.35","4,445.72","5,456.08",NA,NA,10.66,15.93,14.09,27.46,7.95,22.73,NA,NA,BIHAR
30,SAHARSA,"1,247.58","1,309.20","1,534.04","1,709.78","2,056.46","2,515.32","3,289.06",NA,NA,4.94,17.17,11.46,20.28,22.31,30.76,NA,NA,BIHAR
31,SAMSTIPUR,"2,369.58","2,519.01","3,401.66","3,391.63","4,340.16","4,834.77","6,501.25",NA,NA,6.31,35.04,-0.29,27.97,11.4,34.47,NA,NA,BIHAR
32,SARAN,"2,142.28","2,442.83","2,783.96","3,274.98","3,805.83","4,455.72","5,384.83",NA,NA,14.03,13.96,17.64,16.21,17.08,20.85,NA,NA,BIHAR
33,SHEKHPURA,314.78,380.32,451.37,539.28,682.35,707.76,833.86,NA,NA,20.82,18.68,19.48,26.53,3.72,17.82,NA,NA,BIHAR
34,SHEOHAR,249.52,261.6,337.88,413.08,503.12,493.87,650.18,NA,NA,4.84,29.16,22.26,21.8,-1.84,31.65,NA,NA,BIHAR
35,SITAMARHI,"1,586.09","1,751.55","2,190.63","2,300.93","3,051.23","3,423.59","4,260.88",NA,NA,10.43,25.07,5.04,32.61,12.2,24.46,NA,NA,BIHAR
36,SIWAN,"1,737.06","1,881.15","2,700.48","2,699.07","3,565.77","3,496.19","4,372.69",NA,NA,8.3,43.55,-0.05,32.11,-1.95,25.07,NA,NA,BIHAR
37,SUPAUL,"1,176.52","1,201.23","1,420.92","1,527.38","1,802.22","2,091.97","2,722.75",NA,NA,2.1,18.29,7.49,17.99,16.08,30.15,NA,NA,BIHAR
38,VAISHALI,"2,066.00","2,184.94","2,664.91","2,796.93","3,871.03","4,326.92","5,559.69",NA,NA,5.76,21.97,4.95,38.4,11.78,28.49,NA,NA,BIHAR
39,WEST CHAMPARAN,"2,506.85","2,742.10","3,498.02","3,568.34","4,605.11","5,320.54","6,604.62",NA,NA,9.38,27.57,2.01,29.05,15.54,24.13,NA,NA,BIHAR
2,BAKSA,NA,NA,NA,NA,NA,"2,060.20",NA,NA,NA,NA,NA,NA,NA,NA,NA,NA,NA,ASSAM
3,BARPETA,NA,NA,NA,NA,NA,"3,175.96",NA,NA,NA,NA,NA,NA,NA,NA,NA,NA,NA,ASSAM
4,BONGAIGAON,NA,NA,NA,NA,NA,"2,627.39",NA,NA,NA,NA,NA,NA,NA,NA,NA,NA,NA,ASSAM
5,CACHAR,NA,NA,NA,NA,NA,"4,620.81",NA,NA,NA,NA,NA,NA,NA,NA,NA,NA,NA,ASSAM
6,CHIRANG,NA,NA,NA,NA,NA,"1,040.84",NA,NA,NA,NA,NA,NA,NA,NA,NA,NA,NA,ASSAM
7,DARRANG,NA,NA,NA,NA,NA,"2,427.47",NA,NA,NA,NA,NA,NA,NA,NA,NA,NA,NA,ASSAM
8,DHEMAJI,NA,NA,NA,NA,NA,"1,401.33",NA,NA,NA,NA,NA,NA,NA,NA,NA,NA,NA,ASSAM
9,DHUBRI,NA,NA,NA,NA,NA,"2,729.46",NA,NA,NA,NA,NA,NA,NA,NA,NA,NA,NA,ASSAM
10,DIBRUGARH,NA,NA,NA,NA,NA,"6,514.42",NA,NA,NA,NA,NA,NA,NA,NA,NA,NA,NA,ASSAM
11,DIMA HASAO,NA,NA,NA,NA,NA,"1,108.39",NA,NA,NA,NA,NA,NA,NA,NA,NA,NA,NA,ASSAM
12,GOALPARA,NA,NA,NA,NA,NA,"2,227.34",NA,NA,NA,NA,NA,NA,NA,NA,NA,NA,NA,ASSAM
13,GOLAGHAT,NA,NA,NA,NA,NA,"3,372.75",NA,NA,NA,NA,NA,NA,NA,NA,NA,NA,NA,ASSAM
14,HAILAKANDI,NA,NA,NA,NA,NA,"1,709.11",NA,NA,NA,NA,NA,NA,NA,NA,NA,NA,NA,ASSAM
15,JORHAT,NA,NA,NA,NA,NA,"4,737.05",NA,NA,NA,NA,NA,NA,NA,NA,NA,NA,NA,ASSAM
16,KAMRUP (METROPOLITAN),NA,NA,NA,NA,NA,"6,877.36",NA,NA,NA,NA,NA,NA,NA,NA,NA,NA,NA,ASSAM
17,KAMRUP RURAL,NA,NA,NA,NA,NA,"5,604.65",NA,NA,NA,NA,NA,NA,NA,NA,NA,NA,NA,ASSAM
18,KARBI-ANGLONG,NA,NA,NA,NA,NA,"2,975.53",NA,NA,NA,NA,NA,NA,NA,NA,NA,NA,NA,ASSAM
19,KARIMGANJ,NA,NA,NA,NA,NA,"3,278.82",NA,NA,NA,NA,NA,NA,NA,NA,NA,NA,NA,ASSAM
20,KOKRAJHAR,NA,NA,NA,NA,NA,"2,957.87",NA,NA,NA,NA,NA,NA,NA,NA,NA,NA,NA,ASSAM
21,LAKHIMPUR,NA,NA,NA,NA,NA,"2,535.25",NA,NA,NA,NA,NA,NA,NA,NA,NA,NA,NA,ASSAM
22,MORIGAON,NA,NA,NA,NA,NA,"2,141.58",NA,NA,NA,NA,NA,NA,NA,NA,NA,NA,NA,ASSAM
23,NAGAON,NA,NA,NA,NA,NA,"5,035.64",NA,NA,NA,NA,NA,NA,NA,NA,NA,NA,NA,ASSAM
24,NALBARI,NA,NA,NA,NA,NA,"2,258.00",NA,NA,NA,NA,NA,NA,NA,NA,NA,NA,NA,ASSAM
25,SIVASAGAR,NA,NA,NA,NA,NA,"6,749.67",NA,NA,NA,NA,NA,NA,NA,NA,NA,NA,NA,ASSAM
26,SONITPUR,NA,NA,NA,NA,NA,"4,309.46",NA,NA,NA,NA,NA,NA,NA,NA,NA,NA,NA,ASSAM
27,TINSUKIA,NA,NA,NA,NA,NA,"6,109.28",NA,NA,NA,NA,NA,NA,NA,NA,NA,NA,NA,ASSAM
28,UDALGURI,NA,NA,NA,NA,NA,"2,151.04",NA,NA,NA,NA,NA,NA,NA,NA,NA,NA,NA,ASSAM
2,ADILABAD,6527.41,7058.6,8300.56,9860.16,12342.93,13291,16508,17330,19641,8.14,17.59,18.79,25.18,7.68,24.2,4.98,13.34,ANDHRA PRADESH
3,ANANTAPUR,9286.21,10047.71,11252.83,15937.45,17713.73,18647,22071,25577,29133,8.2,11.99,41.63,11.15,5.27,18.36,15.89,13.9,ANDHRA PRADESH
4,CHITTOOR,9048.39,10390.13,11594.82,14241.18,15998.11,17628,22257,26862,30593,14.83,11.59,22.82,12.34,10.19,26.26,20.69,13.89,ANDHRA PRADESH
5,GODAVARI EAST,17289.9,16827.15,20208.88,24081.05,27446.05,31687,34374,38600,44254,-2.68,20.1,19.16,13.97,15.45,8.48,12.29,14.65,ANDHRA PRADESH
6,GODAVARI WEST,12704.42,12791.82,14156.37,17473.1,18552.27,22711,28340,30692,35456,0.69,10.67,23.43,6.18,22.42,24.79,8.3,15.52,ANDHRA PRADESH
7,GUNTUR,11878.6,14374.44,16183.82,19125.08,22550.47,26441,30764,36133,41650,21.01,12.59,18.17,17.91,17.25,16.35,17.45,15.27,ANDHRA PRADESH
8,HYDERABAD,16932.79,20523.91,25016.85,30038.38,35536.76,39564,47610,54839,62894,21.21,21.89,20.07,18.3,11.33,20.34,15.18,14.69,ANDHRA PRADESH
9,KADAPA,6287.94,7050.27,12448.79,14393.29,11911.79,13197,16548,18875,21440,12.12,76.57,15.62,-17.24,10.79,25.39,14.06,13.59,ANDHRA PRADESH
10,KARIMNAGAR,9090.45,11321.09,12782.47,14890.5,18253.43,19224,25066,28257,32165,24.54,12.91,16.49,22.58,5.32,30.39,12.73,13.83,ANDHRA PRADESH
11,KHAMMAM,8194.36,9041.8,10194.87,12203.87,15183.27,16439,19857,21412,24402,10.34,12.75,19.71,24.41,8.27,20.79,7.83,13.96,ANDHRA PRADESH
12,KRISHNA,14736.31,16003.39,18469.15,22391.46,26502.77,31808,35452,40069,46282,8.6,15.41,21.24,18.36,20.02,11.46,13.02,15.51,ANDHRA PRADESH
13,KURNOOL,7994.95,10170.95,10428.54,13636.17,16400.6,17560,21199,22657,25963,27.22,2.53,30.76,20.27,7.07,20.72,6.88,14.59,ANDHRA PRADESH
14,MAHABUBNAGAR,7107.02,8880.44,9501.84,11879.77,14006.14,16593,20428,22480,25814,24.95,7,25.03,17.9,18.47,23.11,10.05,14.83,ANDHRA PRADESH
15,MEDAK,8906.57,10613.4,13879.77,14716.18,18732.63,20744,30668,36418,40075,19.16,30.78,6.03,27.29,10.74,47.84,18.75,10.04,ANDHRA PRADESH
16,NALGONDA,7658.54,9047.11,10423.51,14736.51,18346.31,18634,22185,24830,28174,18.13,15.21,41.38,24.5,1.57,19.06,11.92,13.47,ANDHRA PRADESH
17,NELLORE,7612.73,8607.98,10215.8,11952.25,14451.33,16455,18231,22349,25569,13.07,18.68,17,20.91,13.86,10.79,22.59,14.41,ANDHRA PRADESH
18,NIZAMBAD,4869.16,5940.28,6557.73,7976.66,11428.43,10507,14242,15163,17407,22,10.39,21.64,43.27,-8.06,35.55,6.47,14.8,ANDHRA PRADESH
19,PRAKASAM,8507.54,9959.52,11801.02,13304.8,17495.58,19389,23450,26593,30474,17.07,18.49,12.74,31.5,10.82,20.94,13.4,14.59,ANDHRA PRADESH
20,RANGAREDDY,13310.46,17377.63,21023.21,24916.8,31846.81,34069,48226,54814,61199,30.56,20.98,18.52,27.81,6.98,41.55,13.66,11.65,ANDHRA PRADESH
21,SRIKAKULAM,5059.99,5570.88,6482.82,7615.25,8835.04,10427,12149,14023,16050,10.1,16.37,17.47,16.02,18.02,16.51,15.43,14.45,ANDHRA PRADESH
22,VISAKAPATNAM,19371.01,20497.1,24695.94,30570.33,30638.93,37274,42841,50503,56668,5.81,20.49,23.79,0.22,21.66,14.94,17.88,12.21,ANDHRA PRADESH
23,VIZIANAGARAM,4988.9,5315.09,6125.5,7639.31,8886.84,10104,12187,13864,15858,6.54,15.25,24.71,16.33,13.7,20.62,13.76,14.38,ANDHRA PRADESH
24,WARANGAL,7349.51,8530.56,9289.9,11233.17,13705.13,14441,19107,20255,23247,16.07,8.9,20.92,22.01,5.37,32.31,6.01,14.77,ANDHRA PRADESH
2,BAGALKOTE,NA,NA,NA,"5,903","6,521","6,633","8,146",NA,NA,NA,NA,NA,10.47,1.72,22.81,NA,NA,KARNATAKA
3,BANGALORE RURAL,NA,NA,NA,"5,739","6,332","9,039","10,278",NA,NA,NA,NA,NA,10.33,42.75,13.71,NA,NA,KARNATAKA
4,BANGALORE URBAN,NA,NA,NA,"90,753","1,02,183","1,17,356","1,28,197",NA,NA,NA,NA,NA,12.59,14.85,9.24,NA,NA,KARNATAKA
5,BELGAUM,NA,NA,NA,"14,704","16,205","18,868","22,297",NA,NA,NA,NA,NA,10.21,16.43,18.17,NA,NA,KARNATAKA
6,BELLARY,NA,NA,NA,"12,350","13,317","13,454","19,498",NA,NA,NA,NA,NA,7.83,1.03,44.92,NA,NA,KARNATAKA
7,BIDAR,NA,NA,NA,"3,829","4,288","4,645","6,006",NA,NA,NA,NA,NA,11.99,8.33,29.3,NA,NA,KARNATAKA
8,BIJAPUR,NA,NA,NA,"5,721","6,348","6,480","8,828",NA,NA,NA,NA,NA,10.96,2.08,36.23,NA,NA,KARNATAKA
9,CHAMARAJANAGAR,NA,NA,NA,"2,778","30,409","3,229","3,757",NA,NA,NA,NA,NA,994.64,-89.38,16.35,NA,NA,KARNATAKA
10,CHICKBALLAPUR,NA,NA,NA,"3,744","4,135","4,251","4,652",NA,NA,NA,NA,NA,10.44,2.81,9.43,NA,NA,KARNATAKA
11,CHICKMAGALUR,NA,NA,NA,"4,709","5,219","6,132","7,351",NA,NA,NA,NA,NA,10.83,17.49,19.88,NA,NA,KARNATAKA
12,CHITRADURGA,NA,NA,NA,"5,137","5,654","6,533","8,365",NA,NA,NA,NA,NA,10.06,15.55,28.04,NA,NA,KARNATAKA
13,DAKSHINA KANNADA,NA,NA,NA,"1,239","14,012","17,735","19,673",NA,NA,NA,NA,NA,"1,030.91",26.57,10.93,NA,NA,KARNATAKA
14,DAVANGERE,NA,NA,NA,"6,627","7,372","8,376","9,467",NA,NA,NA,NA,NA,11.24,13.62,13.03,NA,NA,KARNATAKA
15,DHARWAD,NA,NA,NA,"8,364","9,383","11,842","13,916",NA,NA,NA,NA,NA,12.18,26.21,17.51,NA,NA,KARNATAKA
16,GADAG,NA,NA,NA,"3,314","3,725","3,927","4,705",NA,NA,NA,NA,NA,12.4,5.42,19.81,NA,NA,KARNATAKA
17,GULBARGA,NA,NA,NA,"9,269","10,249","7,615","10,113",NA,NA,NA,NA,NA,10.57,-25.7,32.8,NA,NA,KARNATAKA
18,HASSAN,NA,NA,NA,"5,634","6,276","7,956","9,811",NA,NA,NA,NA,NA,11.4,26.77,23.32,NA,NA,KARNATAKA
19,HAVERI,NA,NA,NA,"4,202","4,641","4,974","5,840",NA,NA,NA,NA,NA,10.45,7.18,17.41,NA,NA,KARNATAKA
20,KODAGU,NA,NA,NA,"3,898","4,276","5,063","5,701",NA,NA,NA,NA,NA,9.7,18.41,12.6,NA,NA,KARNATAKA
21,KOLAR,NA,NA,NA,"5,471","5,974","7,515","7,870",NA,NA,NA,NA,NA,9.19,25.8,4.72,NA,NA,KARNATAKA
22,KOPPAL,NA,NA,NA,"3,679","4,037","4,533","5,863",NA,NA,NA,NA,NA,9.73,12.29,29.34,NA,NA,KARNATAKA
23,MANDYA,NA,NA,NA,"5,322","5,829","5,828","7,497",NA,NA,NA,NA,NA,9.53,-0.02,28.64,NA,NA,KARNATAKA
24,MYSORE,NA,NA,NA,"10,784","11,974","15,117","19,122",NA,NA,NA,NA,NA,11.03,26.25,26.49,NA,NA,KARNATAKA
25,RAICHUR,NA,NA,NA,"4,950","5,454","5,962","7,268",NA,NA,NA,NA,NA,10.18,9.31,21.91,NA,NA,KARNATAKA
26,RAMNAGARA,NA,NA,NA,"4,479","4,930","4,740","7,824",NA,NA,NA,NA,NA,10.07,-3.85,65.06,NA,NA,KARNATAKA
27,SHIMOGA,NA,NA,NA,"7,340","8,130","8,930","10,023",NA,NA,NA,NA,NA,10.76,9.84,12.24,NA,NA,KARNATAKA
28,TUMKUR,NA,NA,NA,"8,772","9,682","10,908","13,684",NA,NA,NA,NA,NA,10.37,12.66,25.45,NA,NA,KARNATAKA
29,UDUPI,NA,NA,NA,"6,374","7,276","7,998","9,340",NA,NA,NA,NA,NA,14.15,9.92,16.78,NA,NA,KARNATAKA
30,UTTARA KANNADS,NA,NA,NA,"5,010","5,683","6,045","7,983",NA,NA,NA,NA,NA,13.43,6.37,32.06,NA,NA,KARNATAKA
31,YADAGIRI,NA,NA,NA,NA,NA,"3,551","3,393",NA,NA,NA,NA,NA,NA,NA,-4.45,NA,NA,KARNATAKA
2,ALAPPUZHA,7610.28,8780.71,9975.1,11308.12,13240.2,15439.7,16644.02,19481.11,22283.58,15.38,13.6,13.36,17.09,16.61,7.8,17.05,14.39,KERALA
3,ERANAKULAM,16681.12,19158.99,21902.69,25082.24,29592.35,32913.83,37301.69,42969.01,49453.29,14.85,14.32,14.52,17.98,11.22,13.33,15.19,15.09,KERALA
4,IDUKKI,4466.65,5090.36,5639.35,6101.25,7302.45,8669.66,10440.28,11590.28,12768.89,13.96,10.78,8.19,19.69,18.72,20.42,11.02,10.17,KERALA
5,KANNUR,8640.83,9953.32,10952.44,12460.44,14414.58,16501.35,18941.71,22303.84,25346.44,15.19,10.04,13.77,15.68,14.48,14.79,17.75,13.64,KERALA
6,KASARAGOD,3995.04,4487.04,5079.01,5892.13,6283.1,7131.73,8437.04,10209.85,11522.96,12.32,13.19,16.01,6.64,13.51,18.3,21.01,12.86,KERALA
7,KOLLAM,8853.74,10403.22,11555.24,13176.85,15964.57,17441.53,20102.22,23363.72,26437.83,17.5,11.07,14.03,21.16,9.25,15.25,16.22,13.16,KERALA
8,KOTTAYAM,8225.77,9603.85,10843.13,12350.36,14032.46,16282.68,18624.25,21678.72,24253.27,16.75,12.9,13.9,13.62,16.04,14.38,16.4,11.88,KERALA
9,KOZHIKODE,10257.75,11796.17,13331.81,15170.56,17474.07,19848.8,22679.83,26392.76,30314.3,15,13.02,13.79,15.18,13.59,14.26,16.37,14.86,KERALA
10,MALAPPURAM,9592.94,10956.76,12011.96,13657.16,16470.52,18095.57,20856.97,24013.83,27201.83,14.22,9.63,13.7,20.6,9.87,15.26,15.14,13.28,KERALA
11,PALAKKAD,9266.39,10332.08,11902.49,13687.63,15232.42,18661.44,20308.52,24045.4,26949.09,11.5,15.2,15,11.29,22.51,8.83,18.4,12.08,KERALA
12,PATHANAMTHITTA,4630.16,5368.8,6018.9,6923.75,7876.27,9305.7,10881.64,12746.53,14273.7,15.95,12.11,15.03,13.76,18.15,16.94,17.14,11.98,KERALA
13,THIRUVANANTHAPURAM,12845.27,14731.06,16584.41,19082.6,21849.41,24760.99,28176.55,33533.91,38036.35,14.68,12.58,15.06,14.5,13.33,13.79,19.01,13.43,KERALA
14,THRISSUR,11391.85,13073.48,14787.7,16866.68,19286.76,22454.01,25004.8,29342.2,33575.84,14.76,13.11,14.06,14.35,16.42,11.36,17.35,14.43,KERALA
15,WAYANAD,2806.21,3105.92,3200.65,3381.31,3763.63,4491.69,5373.79,6234.9,6920.95,10.68,3.05,5.64,11.31,19.34,19.64,16.02,11,KERALA
2,ANGUL,"5,690.79","5,968.06","6,982.18","8,916.88","10,473.35","10,849.07","10,982.35",NA,NA,4.87,16.99,27.71,17.46,3.59,1.23,NA,NA,ORRISA
3,BALANGIR,"2,430.39","2,648.19","3,151.62","4,068.88","4,506.90","5,240.43","6,721.89",NA,NA,8.96,19.01,29.1,10.77,16.28,28.27,NA,NA,ORRISA
4,BALASORE,"3,251.17","3,510.89","4,214.05","5,410.40","6,141.29","6,952.26","8,359.93",NA,NA,7.99,20.03,28.39,13.51,13.21,20.25,NA,NA,ORRISA
5,BARGARH,"2,045.07","2,216.28","2,597.66","3,292.48","3,791.29","4,226.73","5,125.59",NA,NA,8.37,17.21,26.75,15.15,11.49,21.27,NA,NA,ORRISA
6,BHADRAK,"1,855.46","2,017.33","2,341.49","2,918.65","3,323.91","3,852.89","4,437.87",NA,NA,8.72,16.07,24.65,13.89,15.91,15.18,NA,NA,ORRISA
7,BOUDH,642.51,732.4,863.23,"1,112.53","1,196.99","1,370.51","1,640.93",NA,NA,13.99,17.86,28.88,7.59,14.5,19.73,NA,NA,ORRISA
8,CUTTACK,"5,756.75","6,030.83","7,116.92","8,636.41","9,837.16","11,174.67","13,125.66",NA,NA,4.76,18.01,21.35,13.9,13.6,17.46,NA,NA,ORRISA
9,DEOGARH,477.6,537.59,628.84,753.26,851.03,976,"1,050.65",NA,NA,12.56,16.97,19.79,12.98,14.68,7.65,NA,NA,ORRISA
10,DHENKANAL,"2,005.10","2,215.98","2,620.87","3,336.44","3,649.89","4,152.20","4,860.79",NA,NA,10.52,18.27,27.3,9.39,13.76,17.07,NA,NA,ORRISA
11,GAJAPATI,934.48,991.04,"1,170.04","1,449.63","1,646.87","1,871.34","2,221.40",NA,NA,6.05,18.06,23.9,13.61,13.63,18.71,NA,NA,ORRISA
12,GANJAM,"5,501.09","6,005.36","7,196.21","8,778.97","10,090.72","11,600.29","13,753.48",NA,NA,9.17,19.83,21.99,14.94,14.96,18.56,NA,NA,ORRISA
13,JAGATSINGHPUR,"2,480.82","2,652.35","3,279.59","4,125.28","4,786.27","5,044.83","5,944.29",NA,NA,6.91,23.65,25.79,16.02,5.4,17.83,NA,NA,ORRISA
14,JAJPUR,"3,350.18","3,836.33","4,608.59","5,960.66","6,843.45","6,509.11","9,834.03",NA,NA,14.51,20.13,29.34,14.81,-4.89,51.08,NA,NA,ORRISA
15,JHARSUGUDA,"2,189.95","2,417.45","2,758.83","3,455.32","4,226.47","4,704.17","5,116.33",NA,NA,10.39,14.12,25.25,22.32,11.3,8.76,NA,NA,ORRISA
16,KALAHANDI,"2,052.29","2,298.48","2,580.48","3,413.63","3,914.21","4,445.42","5,518.65",NA,NA,12,12.27,32.29,14.66,13.57,24.14,NA,NA,ORRISA
17,KANDHAMAL,"1,755.79","1,897.98","2,307.50","2,957.01","3,342.84","4,265.81","4,817.42",NA,NA,8.1,21.58,28.15,13.05,27.61,12.93,NA,NA,ORRISA
18,KENDRAPARA,"1,776.02","1,921.18","2,156.19","2,655.18","2,959.31","3,362.49","4,070.80",NA,NA,8.17,12.23,23.14,11.45,13.62,21.07,NA,NA,ORRISA
19,KENDUJHAR,"4,839.35","5,761.93","7,048.04","10,413.17","12,424.69","12,150.10","17,455.80",NA,NA,19.06,22.32,47.75,19.32,-2.21,43.67,NA,NA,ORRISA
20,KHORDHA,"5,467.15","6,133.01","7,407.27","8,766.11","10,112.51","11,267.46","13,638.10",NA,NA,12.18,20.78,18.34,15.36,11.42,21.04,NA,NA,ORRISA
21,KORAPUT,"2,489.25","2,734.62","3,447.15","4,121.32","4,618.01","5,285.26","6,313.78",NA,NA,9.86,26.06,19.56,12.05,14.45,19.46,NA,NA,ORRISA
22,MALKANGIRI,808.6,825.25,997.3,"1,257.93","1,311.60","1,482.99","1,676.05",NA,NA,2.06,20.85,26.13,4.27,13.07,13.02,NA,NA,ORRISA
23,MAYURBHANJ,"3,378.09","3,632.53","4,279.41","5,479.57","6,117.11","6,753.35","8,422.96",NA,NA,7.53,17.81,28.04,11.63,10.4,24.72,NA,NA,ORRISA
24,NABARANGPUR,"1,347.89","1,427.10","1,713.77","2,024.21","2,277.14","2,614.75","3,121.83",NA,NA,5.88,20.09,18.11,12.5,14.83,19.39,NA,NA,ORRISA
25,NAYARGARH,"1,142.44","1,249.52","1,469.85","1,758.23","1,906.72","2,196.41","2,611.38",NA,NA,9.37,17.63,19.62,8.45,15.19,18.89,NA,NA,ORRISA
26,NUAPADA,829.21,899.03,"1,076.21","1,402.46","1,506.59","1,717.31","2,019.27",NA,NA,8.42,19.71,30.31,7.42,13.99,17.58,NA,NA,ORRISA
27,PURI,"2,403.66","2,641.39","2,791.39","3,363.65","3,761.98","4,378.36","5,416.74",NA,NA,9.89,5.68,20.5,11.84,16.38,23.72,NA,NA,ORRISA
28,RAYAGADA,"1,547.34","1,722.90","2,119.60","2,689.57","2,984.02","3,359.15","3,793.02",NA,NA,11.35,23.03,26.89,10.95,12.57,12.92,NA,NA,ORRISA
29,SAMBALPUR,"2,507.28","2,816.31","3,329.73","4,162.63","4,842.17","5,214.20","6,010.76",NA,NA,12.33,18.23,25.01,16.32,7.68,15.28,NA,NA,ORRISA
30,SUBARNAPUR,758.91,843.22,"1,009.44","1,273.86","1,398.44","1,728.79","2,001.78",NA,NA,11.11,19.71,26.19,9.78,23.62,15.79,NA,NA,ORRISA
31,SUNDARGARH,"6,014.81","6,511.94","8,576.03","11,320.11","13,647.80","14,200.07","17,466.35",NA,NA,8.27,31.7,32,20.56,4.05,23,NA,NA,ORRISA
2,AMRITSAR,"11,364.41","12,518.66","10,051.98","11,206.59","12,932.01","14,604.45","16,637.33",NA,NA,10.16,-19.7,11.49,15.4,12.93,13.92,NA,NA,PUNJAB
3,BARNALA,NA,NA,NA,"3,247.54","3,701.16","4,248.48","4,930.54",NA,NA,NA,NA,NA,13.97,14.79,16.05,NA,NA,PUNJAB
4,BATHINDA,"4,271.16","4,854.69","5,686.30","6,879.18","7,917.27","8,727.05","10,136.38",NA,NA,13.66,17.13,20.98,15.09,10.23,16.15,NA,NA,PUNJAB
5,FARIDKOT,"2,161.56","2,458.49","2,861.00","3,334.75","4,004.00","4,351.72","4,967.76",NA,NA,13.74,16.37,16.56,20.07,8.68,14.16,NA,NA,PUNJAB
6,FATEHGARH SAHIB,"2,467.97","2,766.16","3,104.92","3,812.18","4,253.53","5,354.42","5,494.78",NA,NA,12.08,12.25,22.78,11.58,25.88,2.62,NA,NA,PUNJAB
7,FIROZEPUR,"6,248.08","7,072.82","8,152.10","9,590.00","11,352.54","12,451.43","14,398.77",NA,NA,13.2,15.26,17.64,18.38,9.68,15.64,NA,NA,PUNJAB
8,GURDASPUR,"6,662.55","7,618.49","8,756.99","10,319.26","12,051.58","13,463.97","15,778.33",NA,NA,14.35,14.94,17.84,16.79,11.72,17.19,NA,NA,PUNJAB
9,HOSHIARPUR,"5,317.82","5,890.04","7,042.67","8,098.41","9,242.03","10,773.76","13,374.50",NA,NA,10.76,19.57,14.99,14.12,16.57,24.14,NA,NA,PUNJAB
10,JALANDHAR,"8,384.54","9,506.37","11,020.46","13,111.98","14,773.54","16,709.72","19,378.45",NA,NA,13.38,15.93,18.98,12.67,13.11,15.97,NA,NA,PUNJAB
11,KAPURTHALA,"3,151.44","3,603.14","4,119.98","4,854.07","5,648.09","6,630.61","7,567.96",NA,NA,14.33,14.34,17.82,16.36,17.4,14.14,NA,NA,PUNJAB
12,LUDHIANA,"14,740.80","16,731.23","19,702.44","23,941.44","26,970.35","30,233.34","34,095.16",NA,NA,13.5,17.76,21.52,12.65,12.1,12.77,NA,NA,PUNJAB
13,MANSA,"2,303.84","2,615.98","3,094.22","3,682.48","4,260.64","4,964.91","5,747.71",NA,NA,13.55,18.28,19.01,15.7,16.53,15.77,NA,NA,PUNJAB
14,MOGA,"4,081.23","4,436.31","5,384.58","6,868.99","7,723.79","8,937.93","10,031.78",NA,NA,8.7,21.38,27.57,12.44,15.72,12.24,NA,NA,PUNJAB
15,MUKTSAR,"2,744.52","3,183.44","3,669.23","4,595.14","5,307.24","6,214.80","6,789.22",NA,NA,15.99,15.26,25.23,15.5,17.1,9.24,NA,NA,PUNJAB
16,PATIALA,"7,462.19","8,543.41","9,124.38","10,450.98","11,915.27","13,032.99","15,137.01",NA,NA,14.49,6.8,14.54,14.01,9.38,16.14,NA,NA,PUNJAB
17,ROOPNAGAR,"4,280.63","4,743.55","3,261.51","3,886.53","4,423.44","4,926.44","5,662.04",NA,NA,10.81,-31.24,19.16,13.81,11.37,14.93,NA,NA,PUNJAB
18,SAHIBZADA AJIT SINGH NAGAR,NA,NA,"3,272.93","4,510.45","5,221.52","6,465.47","7,146.18",NA,NA,NA,NA,37.81,15.76,23.82,10.53,NA,NA,PUNJAB
19,SANGRUR,"8,192.58","8,984.33","10,668.87","9,607.84","10,826.28","12,138.52","13,855.69",NA,NA,9.66,18.75,-9.95,12.68,12.12,14.15,NA,NA,PUNJAB
20,SHAHID BHAGAT SINGH NAGAR,"3,003.19","3,109.56","3,808.98","4,596.61","5,128.14","6,213.61","6,905.75",NA,NA,3.54,22.49,20.68,11.56,21.17,11.14,NA,NA,PUNJAB
21,TARAN TARN,NA,NA,"4,339.37","5,650.91","6,386.72","7,056.19","8,168.73",NA,NA,NA,NA,30.22,13.02,10.48,15.77,NA,NA,PUNJAB
2,AJMER,"5,493.87","6,832.92","8,493.64","9,507.25","10,520.55","12,032.67",NA,NA,NA,24.37,24.3,11.93,10.66,14.37,NA,NA,NA,RAJASTHAN
3,ALWAR,"7,742.03","8,196.52","10,341.88","11,600.91","14,742.95","17,546.06",NA,NA,NA,5.87,26.17,12.17,27.08,19.01,NA,NA,NA,RAJASTHAN
4,BANSWARA,"2,421.88","2,423.48","2,627.03","3,144.06","3,430.45","3,921.03",NA,NA,NA,0.07,8.4,19.68,9.11,14.3,NA,NA,NA,RAJASTHAN
5,BARAN,"2,729.69","3,061.58","3,267.05","4,330.68","4,661.14","5,246.01",NA,NA,NA,12.16,6.71,32.56,7.63,12.55,NA,NA,NA,RAJASTHAN
6,BARMER,"3,213.20","3,494.49","4,204.65","5,022.84","5,621.95","6,992.80",NA,NA,NA,8.75,20.32,19.46,11.93,24.38,NA,NA,NA,RAJASTHAN
7,BHARATPUR,"3,643.34","4,164.97","4,877.25","5,429.47","6,308.93","7,595.62",NA,NA,NA,14.32,17.1,11.32,16.2,20.39,NA,NA,NA,RAJASTHAN
8,BHILWARA,"6,255.18","6,122.12","8,250.67","8,846.04","11,286.77","12,700.46",NA,NA,NA,-2.13,34.77,7.22,27.59,12.53,NA,NA,NA,RAJASTHAN
9,BIKANER,"4,160.15","4,356.38","5,213.55","6,126.30","7,496.54","8,214.82",NA,NA,NA,4.72,19.68,17.51,22.37,9.58,NA,NA,NA,RAJASTHAN
10,BUNDI,"2,327.47","2,675.24","3,109.54","3,456.96","4,167.24","4,572.76",NA,NA,NA,14.94,16.23,11.17,20.55,9.73,NA,NA,NA,RAJASTHAN
11,CHITTORGARH,"4,014.97","4,360.39","5,560.74","5,854.12","5,424.79","6,120.60",NA,NA,NA,8.6,27.53,5.28,-7.33,12.83,NA,NA,NA,RAJASTHAN
12,CHURU,"2,759.54","2,916.99","3,382.33","4,104.68","5,171.85","5,280.55",NA,NA,NA,5.71,15.95,21.36,26,2.1,NA,NA,NA,RAJASTHAN
13,DAUSA,"2,036.35","2,297.62","2,784.73","3,324.17","3,822.01","4,607.23",NA,NA,NA,12.83,21.2,19.37,14.98,20.54,NA,NA,NA,RAJASTHAN
14,DHOLPUR,"1,427.75","1,710.76","1,982.95","2,224.33","2,702.93","3,206.42",NA,NA,NA,19.82,15.91,12.17,21.52,18.63,NA,NA,NA,RAJASTHAN
15,DUNGARPUR,"1,838.49","1,854.48","2,257.54","2,702.74","2,882.48","3,332.97",NA,NA,NA,0.87,21.73,19.72,6.65,15.63,NA,NA,NA,RAJASTHAN
16,GANGA NAGAR,"4,638.99","5,231.58","6,469.19","7,016.58","9,647.99","10,118.38",NA,NA,NA,12.77,23.66,8.46,37.5,4.88,NA,NA,NA,RAJASTHAN
17,HANUMANGARH,"3,577.26","4,277.76","4,856.81","5,918.95","6,786.86","7,224.87",NA,NA,NA,19.58,13.54,21.87,14.66,6.45,NA,NA,NA,RAJASTHAN
18,JAIPUR,"17,480.26","20,357.87","24,596.56","27,399.30","33,321.44","39,763.30",NA,NA,NA,16.46,20.82,11.39,21.61,19.33,NA,NA,NA,RAJASTHAN
19,JAISALMER,"1,122.41","1,519.77","1,547.76","1,844.43","2,253.13","2,726.07",NA,NA,NA,35.4,1.84,19.17,22.16,20.99,NA,NA,NA,RAJASTHAN
20,JALORE,"2,459.22","2,734.70","3,387.03","3,917.33","4,056.23","5,119.02",NA,NA,NA,11.2,23.85,15.66,3.55,26.2,NA,NA,NA,RAJASTHAN
21,JHALAWAR,"2,538.14","2,523.80","3,127.97","3,588.92","4,401.72","4,946.08",NA,NA,NA,-0.56,23.94,14.74,22.65,12.37,NA,NA,NA,RAJASTHAN
22,JHUNJHUNU,"3,402.01","3,739.70","4,599.39","5,024.92","6,116.75","6,812.38",NA,NA,NA,9.93,22.99,9.25,21.73,11.37,NA,NA,NA,RAJASTHAN
23,JODHPUR,"6,640.08","7,710.66","9,171.68","10,800.59","11,853.75","14,109.05",NA,NA,NA,16.12,18.95,17.76,9.75,19.03,NA,NA,NA,RAJASTHAN
24,KARAULI,"2,277.73","2,493.05","2,975.22","3,473.77","4,123.34","4,906.30",NA,NA,NA,9.45,19.34,16.76,18.7,18.99,NA,NA,NA,RAJASTHAN
25,KOTA,"4,564.14","4,954.54","5,886.79","7,263.36","8,139.47","9,104.76",NA,NA,NA,8.55,18.82,23.38,12.06,11.86,NA,NA,NA,RAJASTHAN
26,NAGAUR,"4,836.34","5,424.59","6,130.03","7,075.78","8,774.97","9,426.55",NA,NA,NA,12.16,13,15.43,24.01,7.43,NA,NA,NA,RAJASTHAN
27,PALI,"4,038.62","4,844.21","6,147.09","6,876.46","7,250.37","8,402.52",NA,NA,NA,19.95,26.9,11.87,5.44,15.89,NA,NA,NA,RAJASTHAN
28,PRATAPGARH,NA,NA,NA,NA,"2,586.07","3,093.33",NA,NA,NA,NA,NA,NA,NA,19.62,NA,NA,NA,RAJASTHAN
29,RAJSAMAND,"2,217.31","2,643.79","3,099.74","3,560.38","4,066.45","4,712.64",NA,NA,NA,19.23,17.25,14.86,14.21,15.89,NA,NA,NA,RAJASTHAN
30,SAWAI MADHOPUR,"2,190.92","2,439.28","2,810.46","3,212.66","3,846.32","4,560.81",NA,NA,NA,11.34,15.22,14.31,19.72,18.58,NA,NA,NA,RAJASTHAN
31,SIKAR,"4,363.38","4,679.82","5,490.26","5,883.67","7,405.60","8,589.28",NA,NA,NA,7.25,17.32,7.17,25.87,15.98,NA,NA,NA,RAJASTHAN
32,SIROHI,"2,259.49","2,503.31","2,982.48","3,334.65","3,827.75","4,397.34",NA,NA,NA,10.79,19.14,11.81,14.79,14.88,NA,NA,NA,RAJASTHAN
33,TONK,"2,447.85","2,661.59","2,919.29","3,556.59","4,221.02","4,505.79",NA,NA,NA,8.73,9.68,21.83,18.68,6.75,NA,NA,NA,RAJASTHAN
34,UDAIPUR,"6,627.59","7,028.16","8,491.42","9,399.25","10,029.52","11,936.40",NA,NA,NA,6.04,20.82,10.69,6.71,19.01,NA,NA,NA,RAJASTHAN
2,AGRA,"7,047.44","8,113.95","9,399.58","10,463.18","11,932.70","14,857.51","17,010.16","19,706.07",NA,15.13,15.84,11.32,14.04,24.51,14.49,15.85,NA,UTTAR PRADESH
3,ALIGARH,"5,114.33","6,240.52","7,240.47","8,147.22","9,324.46","11,061.92","13,256.72","15,128.96",NA,22.02,16.02,12.52,14.45,18.63,19.84,14.12,NA,UTTAR PRADESH
4,ALLAHABAD,"6,955.02","8,977.85","9,990.30","11,977.87","13,703.33","14,955.24","18,687.57","20,138.55",NA,29.08,11.28,19.89,14.41,9.14,24.96,7.76,NA,UTTAR PRADESH
5,AMBEDKAR NAGAR,"1,830.48","2,351.66","2,627.90","3,118.18","3,645.23","4,214.36","4,953.70","5,368.70",NA,28.47,11.75,18.66,16.9,15.61,17.54,8.38,NA,UTTAR PRADESH
6,AMETHI,NA,NA,NA,NA,NA,NA,"4,285.24","5,504.52",NA,NA,NA,NA,NA,NA,NA,28.45,NA,UTTAR PRADESH
7,AMORHA,"3,462.80","3,848.40","4,002.50","4,478.46","5,444.81","5,969.02","5,885.37","9,117.30",NA,11.14,4,11.89,21.58,9.63,-1.4,54.91,NA,UTTAR PRADESH
8,AURAIYYA,"1,417.47","1,764.91","2,084.93","2,644.94","3,132.84","3,300.39","3,782.75","5,122.18",NA,24.51,18.13,26.86,18.45,5.35,14.62,35.41,NA,UTTAR PRADESH
9,AZAMGARH,"3,157.37","4,248.85","4,847.00","5,096.94","5,921.09","7,503.85","9,267.53","8,875.46",NA,34.57,14.08,5.16,16.17,26.73,23.5,-4.23,NA,UTTAR PRADESH
10,BADAUN,"4,055.91","5,569.03","5,944.62","7,379.99","8,895.05","10,542.03","9,866.41","12,504.62",NA,37.31,6.74,24.15,20.53,18.52,-6.41,26.74,NA,UTTAR PRADESH
11,BAGPAT,"2,646.05","3,044.16","3,255.48","3,590.13","4,316.22","5,766.15","7,004.89","6,922.75",NA,15.05,6.94,10.28,20.22,33.59,21.48,-1.17,NA,UTTAR PRADESH
12,BAHRAICH,"2,179.28","3,033.82","3,320.27","3,633.36","4,319.40","4,868.01","5,149.46","6,290.52",NA,39.21,9.44,9.43,18.88,12.7,5.78,22.16,NA,UTTAR PRADESH
13,BALLIA,"2,211.24","3,002.00","3,389.77","3,993.39","4,645.71","5,150.72","6,633.37","7,608.60",NA,35.76,12.92,17.81,16.33,10.87,28.79,14.7,NA,UTTAR PRADESH
14,BALRAMPUR,"1,579.40","2,195.40","2,462.10","2,674.22","3,000.27","3,417.71","3,601.81","5,266.01",NA,39,12.15,8.62,12.19,13.91,5.39,46.2,NA,UTTAR PRADESH
15,BANDA,"1,795.13","2,141.55","2,434.34","2,590.36","3,333.00","3,747.29","4,543.36","5,628.93",NA,19.3,13.67,6.41,28.67,12.43,21.24,23.89,NA,UTTAR PRADESH
16,BARABANKI,"3,984.02","4,676.98","4,961.23","5,519.96","6,824.62","10,342.03","10,794.37","8,073.87",NA,17.39,6.08,11.26,23.64,51.54,4.37,-25.2,NA,UTTAR PRADESH
17,BAREILLY,"5,876.07","7,009.66","7,801.26","9,244.37","10,549.98","12,562.63","13,464.18","19,632.64",NA,19.29,11.29,18.5,14.12,19.08,7.18,45.81,NA,UTTAR PRADESH
18,BASTI,"1,826.59","2,390.40","2,661.92","2,955.61","3,299.41","3,950.24","4,360.71","5,186.16",NA,30.87,11.36,11.03,11.63,19.73,10.39,18.93,NA,UTTAR PRADESH
19,BIJNOR,"5,891.08","7,287.20","7,974.14","9,864.44","11,167.37","13,658.35","14,373.31","15,405.80",NA,23.7,9.43,23.71,13.21,22.31,5.23,7.18,NA,UTTAR PRADESH
20,BULAND SHAHAR,"6,377.36","7,003.02","8,248.99","9,425.56","10,787.32","12,854.54","14,705.35","16,838.97",NA,9.81,17.79,14.26,14.45,19.16,14.4,14.51,NA,UTTAR PRADESH
21,CHANDAULI,"1,951.90","2,439.71","2,969.75","3,195.67","3,815.04","4,000.56","4,574.82","5,596.13",NA,24.99,21.73,7.61,19.38,4.86,14.35,22.32,NA,UTTAR PRADESH
22,CHITRAKOOT,716.83,819.12,826.74,932.34,"1,335.02","1,611.51","1,728.37","4,907.95",NA,14.27,0.93,12.77,43.19,20.71,7.25,183.96,NA,UTTAR PRADESH
23,DEORIA,"2,053.71","2,616.65","2,945.38","3,462.46","3,819.56","4,340.63","5,590.41","6,415.62",NA,27.41,12.56,17.56,10.31,13.64,28.79,14.76,NA,UTTAR PRADESH
24,ETAH,"3,907.01","4,699.82","5,124.85","5,989.53","4,204.62","4,713.18","5,435.24","6,311.45",NA,20.29,9.04,16.87,-29.8,12.1,15.32,16.12,NA,UTTAR PRADESH
25,ETAWAH,"1,976.80","2,054.58","2,403.57","2,773.95","3,232.21","3,578.23","4,181.77","4,865.01",NA,3.93,16.99,15.41,16.52,10.71,16.87,16.34,NA,UTTAR PRADESH
26,FAIZABAD,"2,119.96","2,782.48","2,986.42","3,706.49","4,441.67","5,327.38","6,671.09","7,314.52",NA,31.25,7.33,24.11,19.83,19.94,25.22,9.65,NA,UTTAR PRADESH
27,FARRUKHABAD,"2,290.41","2,593.48","2,854.05","3,194.04","3,717.91","4,501.03","5,332.87","5,338.61",NA,13.23,10.05,11.91,16.4,21.06,18.48,0.11,NA,UTTAR PRADESH
28,FATEHPUR,"2,357.22","3,038.77","3,401.53","4,013.03","4,747.40","5,135.73","6,616.30","7,630.43",NA,28.91,11.94,17.98,18.3,8.18,28.83,15.33,NA,UTTAR PRADESH
29,FIROZABAD,"3,374.33","3,647.88","4,302.32","4,850.63","5,504.15","6,315.28","7,200.60","7,985.95",NA,8.11,17.94,12.74,13.47,14.74,14.02,10.91,NA,UTTAR PRADESH
30,GAUTAMBUDH NAGAR,"7,174.43","7,914.57","13,076.16","14,865.54","16,506.03","18,165.05","18,681.08","24,697.46",NA,10.32,65.22,13.68,11.04,10.05,2.84,32.21,NA,UTTAR PRADESH
31,GHAZIABAD,"8,682.79","10,203.91","12,832.91","14,520.12","16,405.17","18,077.52","19,869.02","24,225.97",NA,17.52,25.76,13.15,12.98,10.19,9.91,21.93,NA,UTTAR PRADESH
32,GHAZIPUR,"2,574.81","3,575.56","4,023.06","4,675.49","5,228.57","6,170.39","7,584.15","8,169.83",NA,38.87,12.52,16.22,11.83,18.01,22.91,7.72,NA,UTTAR PRADESH
33,GONDA,"2,514.68","3,397.61","3,522.55","3,991.19","4,453.38","5,564.16","7,020.79","7,596.98",NA,35.11,3.68,13.3,11.58,24.94,26.18,8.21,NA,UTTAR PRADESH
34,GORAKHPUR,"4,177.79","5,251.57","6,074.48","6,879.82","8,010.62","9,458.87","11,068.62","12,108.21",NA,25.7,15.67,13.26,16.44,18.08,17.02,9.39,NA,UTTAR PRADESH
35,HAMIRPUR,"1,413.21","1,743.57","1,879.42","1,951.34","2,454.06","3,008.99","3,474.38","4,129.97",NA,23.38,7.79,3.83,25.76,22.61,15.47,18.87,NA,UTTAR PRADESH
36,HARDOI,"3,802.14","4,339.75","4,914.15","5,536.48","6,353.47","7,353.49","8,467.91","9,953.67",NA,14.14,13.24,12.66,14.76,15.74,15.15,17.55,NA,UTTAR PRADESH
37,HATHRAS,"2,651.40","2,954.16","3,356.64","3,792.40","4,182.27","5,110.32","6,222.19","6,548.08",NA,11.42,13.62,12.98,10.28,22.19,21.76,5.24,NA,UTTAR PRADESH
38,JALAUN,"2,505.94","2,703.67","3,337.77","3,149.75","4,483.21","4,911.29","5,262.56","6,145.62",NA,7.89,23.45,-5.63,42.34,9.55,7.15,16.78,NA,UTTAR PRADESH
39,JAUNPUR,"2,981.14","4,009.88","4,466.31","5,182.61","5,965.35","6,767.07","7,923.03","8,743.23",NA,34.51,11.38,16.04,15.1,13.44,17.08,10.35,NA,UTTAR PRADESH
40,JHANSI,"3,610.81","4,019.55","4,633.59","5,252.99","6,428.08","7,687.51","8,714.84","10,235.53",NA,11.32,15.28,13.37,22.37,19.59,13.36,17.45,NA,UTTAR PRADESH
41,KANNAUJ,"1,999.51","2,135.17","2,628.67","2,792.36","3,241.84","3,599.23","4,386.65","4,679.84",NA,6.78,23.11,6.23,16.1,11.02,21.88,6.68,NA,UTTAR PRADESH
42,KANPUR DEHAT,"1,921.69","2,403.80","2,683.90","3,043.52","3,767.46","4,125.76","4,734.94","5,415.75",NA,25.09,11.65,13.4,23.79,9.51,14.77,14.38,NA,UTTAR PRADESH
43,KANPUR NAGAR,"9,347.86","10,760.32","12,573.44","14,302.22","16,679.95","20,208.67","23,681.13","25,534.38",NA,15.11,16.85,13.75,16.62,21.16,17.18,7.83,NA,UTTAR PRADESH
44,KANSHIRAM NAGAR,0,0,0,0,"3,070.43","3,903.05","4,437.76","5,997.13",NA,NA,NA,NA,NA,27.12,13.7,35.14,NA,UTTAR PRADESH
45,KAUSHAMBI,"1,482.85","1,990.94","2,073.97","2,386.22","2,754.26","3,198.93","4,143.29","4,726.87",NA,34.26,4.17,15.06,15.42,16.14,29.52,14.08,NA,UTTAR PRADESH
46,KHERI,"4,817.63","5,470.91","5,977.96","6,516.85","7,571.37","9,470.33","10,129.55","13,662.32",NA,13.56,9.27,9.01,16.18,25.08,6.96,34.88,NA,UTTAR PRADESH
47,KUSHI NAGAR,"2,559.14","3,076.73","3,452.85","3,981.21","4,641.27","5,237.22","6,031.90","7,179.79",NA,20.23,12.22,15.3,16.58,12.84,15.17,19.03,NA,UTTAR PRADESH
48,LALITPUR,"1,333.26","1,628.09","2,086.47","1,931.15","2,892.92","3,320.07","4,072.65","4,305.85",NA,22.11,28.15,-7.44,49.8,14.77,22.67,5.73,NA,UTTAR PRADESH
49,LUCKNOW,"10,063.94","11,263.18","12,988.02","14,484.85","16,932.65","20,361.08","23,551.40","25,991.49",NA,11.92,15.31,11.52,16.9,20.25,15.67,10.36,NA,UTTAR PRADESH
50,MAHARAJ GANJ,"1,945.70","2,265.84","2,671.47","2,958.67","3,501.93","4,160.57","4,924.27","5,315.40",NA,16.45,17.9,10.75,18.36,18.81,18.36,7.94,NA,UTTAR PRADESH
51,MAHOBA,"1,326.01","1,319.13","1,523.84","1,408.34","2,173.08","2,427.33","3,075.37","4,103.04",NA,-0.52,15.52,-7.58,54.3,11.7,26.7,33.42,NA,UTTAR PRADESH
52,MAINPURI,"2,025.89","2,463.35","2,880.64","3,130.21","3,876.19","4,275.41","5,087.81","5,712.41",NA,21.59,16.94,8.66,23.83,10.3,19,12.28,NA,UTTAR PRADESH
53,MATHURA,"3,893.70","4,958.22","6,050.04","7,167.64","8,154.33","8,176.56","9,558.20","12,043.10",NA,27.34,22.02,18.47,13.77,0.27,16.9,26,NA,UTTAR PRADESH
54,MAU,"2,043.87","2,887.83","2,681.96","3,124.81","3,466.63","4,598.83","5,455.50","5,580.32",NA,41.29,-7.13,16.51,10.94,32.66,18.63,2.29,NA,UTTAR PRADESH
55,MEERUT,"6,809.13","8,662.64","9,292.13","10,554.07","11,923.69","14,411.98","17,078.69","18,977.47",NA,27.22,7.27,13.58,12.98,20.87,18.5,11.12,NA,UTTAR PRADESH
56,MIRZAPUR,"2,110.51","2,642.34","3,158.91","3,490.34","3,925.78","4,662.50","5,341.79","6,415.10",NA,25.2,19.55,10.49,12.48,18.77,14.57,20.09,NA,UTTAR PRADESH
57,MORADABAD,"6,381.55","7,277.49","8,363.43","10,156.37","11,551.01","14,955.32","15,546.25","17,048.48",NA,14.04,14.92,21.44,13.73,29.47,3.95,9.66,NA,UTTAR PRADESH
58,MUZAFFARNAGAR,"7,123.39","8,211.04","8,867.90","9,598.55","11,264.51","14,853.77","16,561.86","18,984.51",NA,15.27,8,8.24,17.36,31.86,11.5,14.63,NA,UTTAR PRADESH
59,PILIBHIT,"2,541.85","3,954.82","4,351.28","5,634.78","5,702.21","6,332.22","7,451.19","7,704.88",NA,55.59,10.02,29.5,1.2,11.05,17.67,3.4,NA,UTTAR PRADESH
60,PRATAP GARH,"2,005.14","2,715.60","3,008.17","3,435.19","4,032.73","4,786.47","6,111.25","6,177.95",NA,35.43,10.77,14.2,17.39,18.69,27.68,1.09,NA,UTTAR PRADESH
61,RAE BARELI,"2,965.01","3,770.80","4,215.52","4,698.76","5,062.00","5,937.38","5,171.31","5,723.85",NA,27.18,11.79,11.46,7.73,17.29,-12.9,10.68,NA,UTTAR PRADESH
62,RAMPUR,"3,148.79","3,271.99","3,979.68","4,964.03","5,475.17","6,399.86","6,795.93","7,329.76",NA,3.91,21.63,24.73,10.3,16.89,6.19,7.86,NA,UTTAR PRADESH
63,SAHARANPUR,"6,248.84","7,301.10","7,723.05","8,460.25","9,578.10","12,289.09","15,134.66","15,163.27",NA,16.84,5.78,9.55,13.21,28.3,23.16,0.19,NA,UTTAR PRADESH
64,SANT KABEER MAHARAJ GANJ,"1,125.05","1,487.48","1,443.30","1,696.41","2,034.30","2,486.93","2,898.73","3,461.90",NA,32.21,-2.97,17.54,19.92,22.25,16.56,19.43,NA,UTTAR PRADESH
65,SANT RAVI DAS NAGAR,"1,639.30","1,782.79","2,340.26","2,663.20","3,160.42","3,085.26","3,608.87","4,593.65",NA,8.75,31.27,13.8,18.67,-2.38,16.97,27.29,NA,UTTAR PRADESH
66,SHAHJAHANPUR,"3,430.92","4,013.85","4,762.40","6,439.04","6,196.27","7,111.36","8,215.29","10,579.60",NA,16.99,18.65,35.21,-3.77,14.77,15.52,28.78,NA,UTTAR PRADESH
67,SHRAVASTI,719.44,"1,152.72","1,503.64","1,205.18","1,523.15","1,710.56","2,333.75","2,346.03",NA,60.22,30.44,-19.85,26.38,12.3,36.43,0.53,NA,UTTAR PRADESH
68,SIDDHARTH NAGAR,"1,589.62","2,251.40","2,448.07","2,745.04","3,159.63","3,567.44","4,664.09","4,913.25",NA,41.63,8.74,12.13,15.1,12.91,30.74,5.34,NA,UTTAR PRADESH
69,SITAPUR,"4,347.06","5,118.65","6,442.81","6,983.36","8,175.69","10,826.98","12,113.63","12,249.17",NA,17.75,25.87,8.39,17.07,32.43,11.88,1.12,NA,UTTAR PRADESH
70,SONBHADRA,"3,890.87","4,738.27","4,237.59","4,873.80","5,453.83","6,098.52","5,767.85","7,496.87",NA,21.78,-10.57,15.01,11.9,11.82,-5.42,29.98,NA,UTTAR PRADESH
71,SULTANPUR,"3,293.61","4,174.08","4,476.54","5,301.47","6,079.33","6,942.77","5,584.48","6,515.15",NA,26.73,7.25,18.43,14.67,14.2,-19.56,16.67,NA,UTTAR PRADESH
72,UNNAO,"3,621.89","4,267.99","4,728.82","5,383.48","6,037.85","7,163.84","8,166.86","9,707.45",NA,17.84,10.8,13.84,12.16,18.65,14,18.86,NA,UTTAR PRADESH
73,VARANASI,"4,285.02","4,812.30","5,679.70","5,691.30","6,566.91","8,693.22","9,992.04","11,296.41",NA,12.31,18.02,0.2,15.39,32.38,14.94,13.05,NA,UTTAR PRADESH
2,24-PARGANAS (NORTH),"24,416.69","27,833.39","31,332.56","36,277.12","42,657.90","49,297.81","58,512.52",NA,NA,13.99,12.57,15.78,17.59,15.57,18.69,NA,NA,WEST BENGAL
3,24-PARGANAS (SOUTH),"16,884.94","18,090.46","21,654.50","24,613.43","27,590.50","31,383.62","37,493.07",NA,NA,7.14,19.7,13.66,12.1,13.75,19.47,NA,NA,WEST BENGAL
4,BANKURA,"6,625.78","7,447.22","8,410.89","9,784.21","11,017.38","13,127.11","14,061.31",NA,NA,12.4,12.94,16.33,12.6,19.15,7.12,NA,NA,WEST BENGAL
5,BIRBHUM,"5,924.68","6,576.84","7,698.74","8,773.12","10,004.71","11,252.27","12,905.43",NA,NA,11.01,17.06,13.96,14.04,12.47,14.69,NA,NA,WEST BENGAL
6,BURDWAN,"22,357.47","23,024.40","27,759.01","31,005.37","34,611.33","40,218.01","46,441.46",NA,NA,2.98,20.56,11.69,11.63,16.2,15.47,NA,NA,WEST BENGAL
7,COOCH BEHAR,"5,066.53","5,635.81","6,058.96","6,997.68","7,907.27","9,688.26","10,946.28",NA,NA,11.24,7.51,15.49,13,22.52,12.98,NA,NA,WEST BENGAL
8,DAKSHIN DINAJPUR,"3,048.61","3,325.82","3,623.38","4,183.27","4,779.86","5,683.04","6,838.50",NA,NA,9.09,8.95,15.45,14.26,18.9,20.33,NA,NA,WEST BENGAL
9,DARJEELING,"4,960.24","5,633.86","6,305.60","7,130.89","8,788.56","10,987.00","12,921.33",NA,NA,13.58,11.92,13.09,23.25,25.01,17.61,NA,NA,WEST BENGAL
10,HOOGHLY,"13,613.00","15,522.07","16,439.29","19,421.95","22,121.72","26,896.41","31,884.25",NA,NA,14.02,5.91,18.14,13.9,21.58,18.54,NA,NA,WEST BENGAL
11,HOWRAH,"11,614.02","12,913.95","15,046.05","17,037.49","19,186.92","22,347.41","26,505.21",NA,NA,11.19,16.51,13.24,12.62,16.47,18.61,NA,NA,WEST BENGAL
12,JALPAIGURI,"7,948.42","8,582.06","9,903.31","11,257.44","13,206.73","15,009.11","17,688.69",NA,NA,7.97,15.4,13.67,17.32,13.65,17.85,NA,NA,WEST BENGAL
13,KOLKATA,"19,725.04","22,031.95","24,952.55","27,964.21","32,170.51","35,005.15","40,853.80",NA,NA,11.7,13.26,12.07,15.04,8.81,16.71,NA,NA,WEST BENGAL
14,MALDA,"7,162.25","7,623.01","8,593.01","9,744.67","11,239.91","13,150.43","15,640.18",NA,NA,6.43,12.72,13.4,15.34,17,18.93,NA,NA,WEST BENGAL
15,MIDNAPORE EAST,"16,728.73","17,901.12","20,519.15","23,190.65","26,585.61","31,427.38","37,410.58",NA,NA,7.01,14.62,13.02,14.64,18.21,19.04,NA,NA,WEST BENGAL
16,MIDNAPORE WEST,"10,889.90","12,125.49","13,687.97","16,400.36","17,994.30","22,184.55","25,492.44",NA,NA,11.35,12.89,19.82,9.72,23.29,14.91,NA,NA,WEST BENGAL
17,MURSHIDABAD,"12,332.96","13,860.06","15,656.33","17,966.71","20,106.06","23,755.39","28,357.66",NA,NA,12.38,12.96,14.76,11.91,18.15,19.37,NA,NA,WEST BENGAL
18,NADIA,"10,628.30","11,850.26","13,196.07","15,141.44","17,427.54","20,589.69","24,135.91",NA,NA,11.5,11.36,14.74,15.1,18.14,17.22,NA,NA,WEST BENGAL
19,PURULIA,"4,833.75","5,167.92","5,953.55","6,808.38","7,843.43","9,005.43","9,740.77",NA,NA,6.91,15.2,14.36,15.2,14.81,8.17,NA,NA,WEST BENGAL
20,UTTAR DINAJPUR,"3,895.05","4,523.09","4,890.95","5,784.36","6,702.24","7,925.14","9,591.21",NA,NA,16.12,8.13,18.27,15.87,18.25,21.02,NA,NA,WEST BENGAL
